{
  "assetsByChunkName": {
    "vendors~app-account~app-confirmation~app-order": "chunk.f8230eb333fb4a1402f7.js",
    "vendors~app-account~app-checkout": "chunk.f5d7bfc1000d35a4105c.js",
    "vendors~app-cart~app-checkout": "chunk.cc6b48f3c79c8a74f531.js",
    "admin": [
      "admin.b68c537a2b9aed852253.js",
      "admin.b68c537a2b9aed852253.js.map"
    ],
    "app-account": "chunk.91834338d220d1e5d214.js",
    "app-cart": "chunk.99cf6359b69d35b1e27e.js",
    "app-checkout": "chunk.24911fd5dc472586dc9b.js",
    "app-confirmation": "chunk.e1c7969c44bf14edd289.js",
    "app-order": "chunk.b142580f79e97b439810.js",
    "checkout": [
      "checkout.ec29a72a9a7d2ca0f3e4.js",
      "checkout.ec29a72a9a7d2ca0f3e4.js.map"
    ],
    "storefront": [
      "storefront.869e441286378dc221bd.css",
      "storefront.92323a1c39dd4543df96.js",
      "storefront.869e441286378dc221bd.css.map",
      "storefront.92323a1c39dd4543df96.js.map"
    ],
    "vendors~app-account": "chunk.fce825a09adabe91f776.js",
    "vendors~app-cart": "chunk.9042b192eb092360414e.js",
    "vendors~app-checkout": "chunk.769fc43c261f1cb67894.js"
  }
}