{
  "title": "Cia Blend Coffee para Food Service",
  "meta_title": "Cia Blend Coffee Food Service - tenha o café super especial em seu estabelecimento",
  "meta_description": "Cia Blend Coffee Food Service - A Cia Blend Coffee oferece toda a sua qualidade também na versão Food Service",
  "body": "<!--StartFragment-->\n\n🌟 **Quer surpreender seus clientes com um café excepcional em seu estabelecimento?** 🌟\n\nSeja você proprietário de uma cafeteria, restaurante ou padaria, a Cia Blend Coffee tem a solução perfeita para elevar a experiência dos seus clientes a um novo nível!\n\n✨ **Café Especial para o Seu Negócio!** ✨\n\nOferecemos nossa premiada qualidade também para vendas no varejo, com condições especiais, agilidade na entrega e o sabor inconfundível que só a Cia Blend Coffee pode oferecer.\n\n📞 **Entre em contato com nosso Departamento Comercial e descubra como ter o café super especial da Cia Blend Coffee em seu estabelecimento!** 📞\n\n👉 **Cia Blend Coffee para Empresas** - Leve a excelência do nosso café para o seu negócio. \n\n**Fale Conosco Agora!** 👈\n\n<!--EndFragment-->",
  "sections": [
    {
      "type": "banner-slider",
      "autoplay": 9000,
      "full_width": true,
      "slides": [
        {
          "start": "2022-12-06T18:12:45.891Z",
          "end": "",
          "img": "/img/uploads/banner-food-service-desktop.webp",
          "mobile_img": "/img/uploads/banner-food-service-mobile.webp",
          "alt": "Cia Cofffe para Empresas | Seu Café Super Especial "
        }
      ]
    },
    {
      "type": "breadcrumbs",
      "enabled": true
    },
    {
      "type": "page-title"
    },
    {
      "type": "extra-page",
      "enabled": true
    },
    {
      "type": "custom-html",
      "html": "<div class=\"html-clearfix\"><center><h2>Nossos Contatos</h2></center><center><p><span class=\"footer__list-icon\"><i class=\"i-whatsapp\"></i> </span><a href=\"https://web.whatsapp.com/send?phone=%2B5511937623522\" target=\"_blank\" rel=\"noopener\" class=\"whatsapp-link\" data-tel=\"11937623522\">11 93762-3522</a><br><span class=\"footer__list-icon\"><i class=\"i-phone\"></i> </span><a href=\"tel:+1147809695\" target=\"_blank\" rel=\"noopener\">(11) 4780-9695</a><br><a href=\"mailto:sac@ciacoffee.club\" target=\"_blank\" rel=\"noopener\">sac@ciacoffee.club</a><br><br>Acompanhe nas redes:<br><a href=\"https://www.instagram.com/ciacoffee.club/\" target=\"_blank\" rel=\"noopener\" aria-label=\"instagram\" style=\"color: #e1306c; font-size:28px;\"><i class=\"i-instagram\"></i> </a><a href=\"https://www.facebook.com/CiaCoffee.club\" target=\"_blank\" rel=\"noopener\" aria-label=\"facebook\" style=\"color: #3b5998;font-size:28px;\"><i class=\"i-facebook\"></i> </a><a href=\"https://www.youtube.com/channel/UCKYPuLgteZbP2k0fUnOTu2A\" target=\"_blank\" rel=\"noopener\" aria-label=\"youtube\" style=\"color: #ff0000;font-size:28px;\"><i class=\"i-youtube\"></i> </a><a href=\"https://www.pinterest.com/ciacoffee\" target=\"_blank\" rel=\"noopener\" aria-label=\"pinterest\" style=\"color: #bd081c;font-size:28px;\"><i class=\"i-pinterest\"></i></a></p></center></div>\n"
    },
    {
      "type": "dynamic-showcase",
      "load_more": false,
      "sort": "news"
    },
    {
      "type": "info-bar",
      "enabled": true
    }
  ]
}