{
  "title": "Clube Cia Blend Coffee - Seu clube de assinaturas de café",
  "body": "<!--StartFragment-->\n\n<left><h3>O Clube Cia Blend Coffee é uma assinatura de café no qual você poderá receber no conforto da sua casa o seu kit personalizado exatamente como você quiser: <h3></left><br>\n\n* Com café moído, em grãos ou em cápsulas\n* Somente A Coffee ou Faria´s Coffee\n* Ou também poderá mesclar um pouco dos 3 formatos de café e das linhas\n\n<leftr>Todas essas possibilidades são válidas e são muitas! Você que escolhe o seu jeito. </left>\\\n\\\n<left><h2>Para assinar basta você escolher a opção assinatura no carrinho<h3> </left><br>\n\n<br><left><h4>Vantagens da assinatura: </left></h4><br>\n\n\\# 25% de desconto em qualquer produto Cia Blend Coffee <br>\n\n\\# Frete grátis para pedidos acima de R$150<br>\n\n\\# Benefícios exclusivos, promoções, lançamentos e muito mais em primeira mão. <br>\n\n<br><br>\n\n<center><h5>Venha ser um de nossos membros do Clube Cia Blend Coffee!</center></h5>\n\n<!--EndFragment-->",
  "sections": [
    {
      "type": "extra-page",
      "enabled": true
    },
    {
      "type": "dynamic-showcase",
      "load_more": false,
      "sort": "sales"
    },
    {
      "type": "info-bar",
      "enabled": true
    }
  ],
  "meta_title": "Clube Cia Blend Coffee - Seu clube de assinaturas de café",
  "meta_description": "Clube Cia Blend Coffee - Seu clube de assinaturas de café"
}