{
  "title": "Cupom Primeira Compra",
  "body": "<!--StartFragment-->\n\nObrigado pelo seu cadastro!☕\n\nUtilize o cupom : **BOASVINDAS** no seu carrinho de compras e garanta 5% de desconto no seu pedido! 😎\n\n\\*Cupom **válido somente para primeira compra** na loja: ciablendcoffee.com.br\n\n<!--EndFragment-->",
  "sections": [
    {
      "type": "extra-page",
      "enabled": true
    },
    {
      "type": "dynamic-showcase",
      "load_more": true,
      "sort": "sales"
    },
    {
      "type": "info-bar",
      "enabled": true
    }
  ]
}