{
  "title": "Dúvidas frequentes",
  "meta_title": "Dúvidas frequentes",
  "meta_description": "Dúvidas frequentes",
  "body": "Nós fornecemos informações verdadeiras, precisas sobre tamanhos e pesos para você escolher bem os seus produtos de interesse. \n\n**COMO COMPRAR?**\n\nÉ muito fácil comprar seus produtos na **Cia Blend Coffee!**\n\nEscolha seus produtos, clique em adicionar ao carrinho ou no botão comprar, ele será adicionado ao seu carrinho.\n\nApós escolher todos os produtos que desejar. Clique no carrinho em Finalizar Compra\n\nDefina o frete de envio\n\nConfirme seus dados para envio, confira se todos os dados estão corretos, caso falte alguma numeração ou dado para envio, o retorno e reenvio será cobrado do cliente, não nos responsabilizamos por informações incorretas ou dados faltantes.\n\nEscolha a forma de pagamento e finalize a compra.\n\nPronto, seu pedido será embalado para postagem.\n\n**Q﻿UAIS SÃO OS PRAZOS DE ENTREGA?** \n\nO prazo de entrega depende do CEP de destino e será informado na página de finalização do pedido, a entrega será realizada pelos CORREIOS ou Transportadora. Você poderá escolher entre os serviços PAC, SEDEX ou Transportadora como método de envio na página de finalização do pedido.\n\nEnvio para Todo Brasil .\\\n\\\n**QUAL O VALOR DO FRETE?** \n\nO﻿ frete será calculado de acordo com o CEP e todos os pedidos iguais ou acima de R$100 (seja na assinatura ou na compra individual) serão grátis para todo o país. \\\n\\\n**Q﻿UAIS SÃO OS FORMATOS DE COMPRA?** \n\nVocê pode comprar os produtos da Cia Blend Coffee de forma individual ou por meio da assinatura recorrente. \n\n**QUAIS SÃO AS FORMAS DE PAGAMENTO?**\n\nVocê pode pagar com cartão de crédito via Pagar.me (apenas no Brasil), ou PIX. boleto ou PIX. \n\nQ﻿UAIS SÃO OS FORMATOS DE DESCONTO? \n\n5﻿% de desconto no PIX. \n\nParcele suas compras em até 3x sem juros no cartão nas compras a partir de R$100.\n\nEscolha a melhor forma de pagamento no final de sua compra.\n\n**C﻿OMO FUNCIONA O SISTEMA DE ASSINATURA?** \n\nA assinatura funciona exatamente como a compra normal, mas na hora de fechar o pagamento você deve selecionar a opção ASSINATURA - Via Galaxy Pay. \\\n\\\nA﻿ assinatura entende que o seu pedido vai ser refeito no mês seguinte na mesma data e você poderá alterar. \n\n**COMO ACOMPANHAR O ANDAMENTO DO PEDIDO?**\n\n[Acompanhe aqui.](https://ciacoffee.netlify.app/app/#/account/)\n\n**COMO TER PRODUTOS CIA BLEND COFFEE NO MEU NEGÓCIO?** \n\nTemos preços especiais para empresas, fale conosco por[ whatsapp](https://web.whatsapp.com/send?phone=%2B5511937623522)/)ou comercial@ciacoffee.club\n\n**TROCAS E DEVOLUÇÕES**\n\nTodas as ocorrências que envolvam troca ou devolução devem ser comunicadas nesta página com o assunto TROCA ou DEVOLUÇÃO e com os dados da compra no campo MENSAGEM.\n\nO contato deve ser enviado em até 48 horas após o recebimento dos produtos, trocas ou devoluções não comunicadas ou comunicadas após o prazo não serão efetuadas.\n\nA devolução deve ser feita com a mesma embalagem e cuidados que o produto foi enviado. Se o produto for devolvido sem os cuidados necessários e chegar avariado, a troca ou devolução não será efetuada.\n\nIMPORTANTE: Recuse o recebimento dos produtos em caso de embalagem avariada ou produto em desacordo com o pedido.\n\nSe ainda assim você receber o produto, entre em contato conosco em até 48 horas.\n\nAinda tem dúvidas? [Entre em contato conosco](https://web.whatsapp.com/send?phone=%2B5511937623522), será um prazer atendê-lo.",
  "sections": [
    {
      "type": "breadcrumbs",
      "enabled": true
    },
    {
      "type": "extra-page",
      "enabled": true
    },
    {
      "type": "info-bar",
      "enabled": true
    }
  ]
}