{
  "title": "Nossas Linhas",
  "meta_title": "Linhas Cia Blend Coffee",
  "meta_description": "Criada a partir da paixão de 3 amigos por novos sabores de café, a Cia Blend Coffee investe em qualidade absoluta para entregar para você sabores únicos em três linhas de café: A Coffee, Filippeto e o Faria´s Coffee.",
  "sections": [
    {
      "type": "banner-slider",
      "autoplay": 6000,
      "full_width": true,
      "slides": [
        {
          "start": "2022-10-19T03:00:00.000Z",
          "end": "",
          "img": "/img/uploads/banner-capsulas-cia-blend-coffee-desktop.jpg",
          "mobile_img": "",
          "link": "https://ciacoffee.com.br/capsulas"
        },
        {
          "start": "2022-10-20T03:00:00.000Z",
          "end": "",
          "img": "/img/uploads/banner-cafe-moido-copiar.jpg",
          "link": "https://ciacoffee.com.br/moido"
        },
        {
          "start": "2022-10-20T03:00:00.000Z",
          "end": "",
          "img": "/img/uploads/banner-cafe-em-graos-copiar.jpg",
          "link": "https://ciacoffee.com.br/graos"
        }
      ]
    },
    {
      "type": "extra-page",
      "enabled": true
    },
    {
      "type": "collection-shelf",
      "shuffle": false,
      "limit": 12,
      "page": 1,
      "collection_id": "63471fe573321213f8a8c5f2:brands:A Coffee:/a-coffee",
      "sort": "news",
      "title": "A Coffee - seu Novo Café Super Especial",
      "link": "https://ciacoffee.com.br/a-coffee"
    },
    {
      "type": "collection-shelf",
      "shuffle": false,
      "limit": 12,
      "page": 1,
      "collection_id": "6347201d73321213f8a8c63a:brands:Faria's Coffee:/faria-coffee",
      "sort": "news",
      "title": "Faria's Coffee - Seu Café Especial com Notas de Chocolate, Baunilha e Caramelo",
      "link": "https://ciacoffee.com.br/faria-coffee"
    },
    {
      "type": "collection-shelf",
      "shuffle": false,
      "limit": 12,
      "page": 1,
      "collection_id": "635c64e273321213f8c1b578:brands:Combos Cia Blend Coffee:/combos-cia-coffee",
      "sort": "news",
      "title": "Confira nossos Combos e Promoções",
      "link": "https://www.ciacoffee.com.br/combos-cia-coffee"
    },
    {
      "type": "brands-carousel",
      "limit": 24,
      "offset": 0
    },
    {
      "type": "info-bar",
      "enabled": true
    }
  ],
  "body": "<!--StartFragment-->\n\n<div> <br> <br> \n\n<body> <p><font color=\"#fff\">Criada a partir da paixão de 3 amigos por novos sabores de café, a Cia Blend Coffee investe em qualidade absoluta para entregar para você sabores únicos em duas linhas de café: A Coffee e Faria´s Coffee.</p></body> \n\n<br>\n\n<h1><font color=\"#fff\">C﻿onheça as Linhas de Café da Cia Blend Coffee</h1>\n\n<br>\n\n<!--EndFragment-->"
}