{
  "title": "Cia Blend Coffee ",
  "meta_title": "Cia Blend Coffee - Seu Café Especial Chegou!",
  "meta_description": "Cia Blend Coffee criada a partir da paixão de 3 amigos por novos sabores de café, a Cia Blend Coffee investe em qualidade absoluta para entregar para você sabores únicos em três linhas de café: **A Coffee**, **Filippeto** e o **Faria´s Coffee**.",
  "body": "<!--StartFragment-->\n\n<!--StartFragment-->\n\n<br>\n\n<br><br>\n\n<h1>Cia Blend Coffee mais do que uma nova marca de café: é um conceito criado para compartilhar o amor por uma das bebidas mais queridas do mundo. </h1>\n\n<br>\n\n<p>Criada a partir da paixão de 3 amigos por novos sabores de café, a Cia Blend Coffee investe em qualidade absoluta para entregar para você sabores únicos em duas linhas de café: A Coffee e Faria´s Coffee. <p>\n\n<h5>Beber Cia Blend Coffee é uma experiência para ser compartilhada entre os amigos e família, pois pretendemos fazer companhia nos melhores momentos da sua vida!</h5></center>\n\n<br><br>\n\n<h2>N﻿ossa História</h2>\n\n<br><br>\n\n<p>Somos uma empresa que foi pensada e criada no prazer de momentos marcados pelo aroma e sabor de um bom café.\n\nConcebida por amigos, nossa paixão por cafés especiais nos motivou a buscar aquilo que há de melhor no Brasil.\n\nNossas marcas congregam histórias de pessoas e famílias que compartilham uma mesma paixão, um delicioso café.\n\nNossos grãos são produzidos e selecionados por produtores tradicionais que assim como a gente são apaixonadas pelo que fazem.<p>\n\nNosso processo de torra e moagem em ambiente controlado levarão sempre a você o aroma e a intensidade de um café genuinamente especial superior a 83 pontos.\n\n<br><br>\n\n<center><h3>Convide os amigos e viva uma experiência única simplesmente dizendo: \n\n<br><br>\n\n“Vamos tomar um café?”.</h3></center>\n\n<!--EndFragment-->\n\n<!--EndFragment-->",
  "sections": [
    {
      "type": "banner-slider",
      "autoplay": 0,
      "full_width": true,
      "slides": [
        {
          "start": "2022-10-11T03:00:00.000Z",
          "end": "",
          "img": "/img/uploads/banner-historia-copiar.jpg",
          "mobile_img": "/img/uploads/banner-historia_mobile-copiar.jpg"
        }
      ]
    },
    {
      "type": "breadcrumbs",
      "enabled": true
    },
    {
      "type": "extra-page",
      "enabled": true
    },
    {
      "type": "custom-html",
      "html": "<center><h2>Nossos Valores</center></h2>\n<br><center>\n* Integridade<br>\n* Comprometimento<br>\n* Melhoria Contínua<br>\n* Sustentabilidade <br></center>\n<br>\n\n<center><h2>Nossos Contatos</center></h2>\n\n<center>\n\n<p><span class=\"footer__list-icon\"><i class=\"i-whatsapp\"></i>\n  </span><a href=\"https://web.whatsapp.com/send?phone=%2B5511937623522\" target=\"_blank\" rel=\"noopener\" class=\"whatsapp-link\" data-tel=\"11937623522\">11 93762-3522</a>\n<br><span class=\"footer__list-icon\"><i class=\"i-phone\"></i> \n  </span><a href=\"tel:+1147809695\" target=\"_blank\" rel=\"noopener\">(11) 4780-9695</a>\n  <br><a href=\"mailto:sac@ciacoffee.club \" target=\"_blank\" rel=\"noopener\">sac@ciablendcoffee.om </a><br>\n<br>Acompanhe nas redes: <br>\n<a href=\"https://www.instagram.com/ciacoffee.club/\" target=\"_blank\" rel=\"noopener\" aria-label=\"instagram\" style=\"color: #e1306c; font-size:28px;\"><i class=\"i-instagram\"></i> </a>\n<a href=\"https://www.facebook.com/CiaCoffee.club\" target=\"_blank\" rel=\"noopener\" aria-label=\"facebook\" style=\"color: #3b5998;font-size:28px;\"><i class=\"i-facebook\"></i> </a>\n  </p></center></br></br>\n"
    },
    {
      "type": "banner-slider",
      "autoplay": 0,
      "full_width": true,
      "slides": [
        {
          "start": "2022-10-20T03:00:00.000Z",
          "end": "",
          "img": "/img/uploads/rodape-capsulas-cia-blend-coffee-desktop-copiar.jpg",
          "link": "https://ciacoffee.com.br/capsulas",
          "mobile_img": "/img/uploads/rodape-capsulas-cia-blend-coffee-mobile-copiar.jpg"
        }
      ]
    },
    {
      "type": "brands-carousel",
      "limit": 9,
      "offset": 0,
      "autoplay": 4000
    },
    {
      "type": "info-bar",
      "enabled": true
    }
  ]
}