{
  "body": "<!--StartFragment-->\n\nUm convite irresistível para os amantes de café e boa gastronomia! ☕🍰\n\nNa compra acima de R$100,00 no site da Cia Blend Coffee, você ganhará uma sobremesa + espresso de café especial no Empório Trattoria!\n\n**Regras:**\n\n* Consumir um prato principal no restaurante para validar a promoção e desfrutar desse presente exclusivo.\n* Escolher entre uma das 2 sobremesas preparadas com nosso café super especial Cia Blend Coffee: Pudim de café ou Tiramisù.\n* Promoção válida para compras realizadas em nosso site (www.ciablendcoffee.com.br) até dia 31/12/2024. \n* Os vouchers poderão ser resgatados até o dia 10/01/2024.\n* Válido para unidade Empório Trattoria Shopping União (Osasco/SP).\n\n**Aproveite essa combinação perfeita de sabores e transforme sua experiência em um momento memorável.** \n\n📍 Empório Trattoria\\\nAv. dos Autonomistas, 1400 - Vila Yara, Osasco - SP\n\nGaranta já seus cafés especiais no site e deguste o melhor do café e da gastronomia. ✨\n\n<!--EndFragment-->",
  "title": "Voucher Empório Trattoria",
  "sections": [
    {
      "type": "responsive-banner",
      "img": "/img/uploads/banner-emporio-copiar-1-.jpg"
    }
  ]
}