{
  "youtube": "https://www.youtube.com/channel/UCtuKhPSrNvIImonI4w1wi2Q",
  "facebook": "https://www.facebook.com/ciablendcoffee",
  "phone": "(11) 4780-9695",
  "doc_number": "13.726.006/0001-92",
  "whatsapp": "11 93762-3522",
  "instagram": "https://www.instagram.com/ciablendcoffee",
  "twitter": "",
  "address": "SEDE:  Al. Rio Negro, 1030      Sala 206 – Alphaville – Barueri/SP  CEP: 06454-000",
  "tiktok": "https://www.tiktok.com/@ciablendcoffee",
  "pinterest": "",
  "email": "sac@ciablendcoffee.com"
}