{
  "description": {
    "title": "",
    "text": ""
  },
  "links_1": {
    "list_pages": false,
    "title": "Mais Informações",
    "list": [
      {
        "text": "Cia Blend Coffee",
        "url": "https://www.ciacoffee.com.br/pages/sobre-nos"
      },
      {
        "text": "Nossas Linhas",
        "url": "https://www.ciacoffee.com.br/pages/nossas-linhas"
      },
      {
        "text": "Dúvidas Frequentes",
        "url": "https://www.ciacoffee.com.br/pages/faq"
      },
      {
        "text": "Segurança e Privacidade",
        "url": "https://www.ciacoffee.com.br/pages/privacidade"
      },
      {
        "url": "https://www.ciacoffee.com.br/pages/cia-coffee-para-empresas",
        "text": "Food Service"
      },
      {
        "text": "Assinatura Cia Blend Coffee",
        "url": "https://www.ciacoffee.com.br/pages/cia-coffee-club-seu-clube-de-assinaturas-de-cafe"
      }
    ]
  },
  "links_2": {
    "list_categories": false,
    "title": "Menu Cia Blend Coffee",
    "list": []
  },
  "contacts": {
    "title": "Contatos",
    "phone_wpp": true,
    "socials": true,
    "email": true,
    "address": true
  },
  "stamps": [
    {
      "src": "/img/uploads/ssl-safe.png",
      "alt": "Secure connection"
    }
  ],
  "payment_methods": {
    "bb": false,
    "visa": true,
    "boleto": true,
    "aura": false,
    "banrisul": false,
    "elo": true,
    "hipercard": false,
    "hsbc": false,
    "bradesco": false,
    "santander": false,
    "mastercard": true,
    "citibank": false,
    "mais": false,
    "itau": false
  },
  "credits": ""
}