{
  "marketing_stripe": {
    "text": "",
    "link": "",
    "background": "",
    "color": ""
  },
  "contacts_stripe": {
    "pages": [
      {
        "title": "Nossa História",
        "link": "https://www.ciacoffee.com.br/pages/sobre-nos"
      },
      {
        "title": "Nossas Linhas",
        "link": "https://www.ciacoffee.com.br/pages/nossas-linhas"
      },
      {
        "title": "Assinatura ",
        "link": "https://www.ciacoffee.com.br/pages/cia-coffee-club-seu-clube-de-assinaturas-de-cafe"
      },
      {
        "title": "Food Service",
        "link": "https://www.ciacoffee.com.br/pages/cia-coffee-para-empresas"
      },
      {
        "title": "Como Comprar ",
        "link": "https://www.ciacoffee.com.br/pages/faq"
      },
      {
        "title": "Meus Pedidos",
        "link": "https://www.ciacoffee.com.br/app/#/account/"
      }
    ],
    "phone_wpp": true,
    "socials": true
  },
  "categories_list": {
    "featured": [
      "/gran-reserva?Gran Reserva",
      "/a-coffee?A Coffee",
      "/faria-coffee?Faria's",
      "/capsulas?Cápsulas",
      "/moido?Moído",
      "/graos?Grãos",
      "/todos-cia-coffee?Todos os Cafés"
    ],
    "random": 12,
    "full_width": true
  },
  "desktop_megamenu": false,
  "search_input": true,
  "alphabetical_order_submenu": true,
  "full_width_submenu": true
}