{
  "meta_title": "Cia Blend Coffee | Seu Café Super Especial |  Cápsulas , Grãos e Moído ",
  "meta_description": "Encontre seu Café Super Especial na Cia Blend Coffee, a melhor qualidade com sabores únicos : A Coffee, Filippeto e o Faria´s Coffee. As cápsulas compatíveis com as máquinas Nespresso. Cafés em grãos e moído, em pó.",
  "sections": [
    {
      "type": "banner-slider",
      "autoplay": 9000,
      "full_width": true,
      "slides": [
        {
          "start": "",
          "end": "",
          "img": "/img/uploads/banner-cafe-carnaval25-copiar.jpg",
          "mobile_img": "/img/uploads/banner-mobile_carnaval25-copiar.jpg",
          "link": "https://www.ciacoffee.com.br/todos-cia-coffee"
        },
        {
          "start": "",
          "end": "",
          "img": "/img/uploads/banner-parceria-chocolate-copiar.jpg",
          "link": "https://www.ciacoffee.com.br/chocolates-finos",
          "mobile_img": "/img/uploads/banner-parceria-chocolate-mobile-copiar.jpg"
        },
        {
          "start": "",
          "end": "",
          "img": "/img/uploads/banner-capsulas-copiar.jpg",
          "mobile_img": "/img/uploads/banner-capsulas-mobile-copiar.jpg"
        },
        {
          "start": "",
          "end": "",
          "img": "/img/uploads/banner-lancamento-granreserva-copiar.jpg",
          "mobile_img": "/img/uploads/banner-lancamento-granreserva-mobile-copiar.jpg",
          "link": "https://www.ciacoffee.com.br/gran-reserva"
        },
        {
          "start": "",
          "end": "",
          "img": "/img/uploads/banner-combos-copiar.jpg",
          "mobile_img": "/img/uploads/banner-combos_mobile-copiar.jpg"
        },
        {
          "start": "",
          "end": "",
          "img": "/img/uploads/banner-clube-cia-blend-coffee-2-copiar.jpg",
          "mobile_img": "/img/uploads/banner-clube-cia-blend-coffee-2-mobile-copiar.jpg",
          "link": "https://www.ciacoffee.com.br/todos-cia-coffee"
        }
      ]
    },
    {
      "type": "banner-slider",
      "autoplay": 0,
      "full_width": true,
      "slides": [
        {
          "start": "2022-10-31T03:00:00.000Z",
          "end": "",
          "img": "/img/uploads/banner-beneficios-ciablendcoffee.jpg",
          "mobile_img": "/img/uploads/mobile-banner-beneficios-ciablendcoffee.jpg"
        }
      ]
    },
    {
      "type": "collection-shelf",
      "shuffle": false,
      "limit": 12,
      "page": 1,
      "sort": "sales",
      "title": "Os mais pedidos "
    },
    {
      "type": "collection-shelf",
      "shuffle": false,
      "limit": 12,
      "page": 1,
      "collection_id": "63471fe573321213f8a8c5f2:brands:A Coffee:/a-coffee",
      "sort": "news",
      "link": "https://ciacoffee.com.br/a-coffee",
      "title": "A COFFEE - seu novo café Super Especial "
    },
    {
      "type": "collection-shelf",
      "shuffle": false,
      "limit": 12,
      "page": 1,
      "collection_id": "63471ffe73321213f8a8c60b:brands:Filippeto:/filippeto",
      "sort": "news",
      "link": "https://ciacoffee.com.br/filippeto",
      "title": "Filippeto - Um café intenso e forte como a tradição italiana!"
    },
    {
      "type": "collection-shelf",
      "shuffle": false,
      "limit": 12,
      "page": 1,
      "collection_id": "6347201d73321213f8a8c63a:brands:Faria's:/faria-coffee",
      "sort": "news",
      "link": "https://ciacoffee.com.br/faria-coffee",
      "title": "Faria's Coffee - Seu Café Especial com Notas de Chocolate, Baunilha e Caramelo"
    },
    {
      "type": "collection-shelf",
      "shuffle": false,
      "limit": 12,
      "page": 1,
      "collection_id": "635c64e273321213f8c1b578:brands:Combos Cia Coffee:/combos-cia-coffee",
      "sort": "sales",
      "title": "Combos e Promoções Cia Blend Coffee ",
      "link": "https://ciacoffee.com.br/combos-cia-coffee"
    },
    {
      "type": "custom-html",
      "html": "<div class=\"html-clearfix\"><div class=\"sobre_cell_container row\"><div class=\"sobre_cell_title col-12\"><h4><span><b>Conheça a nossa história</b></span></h4></div><div class=\"sobre_cell_text col-md-7 col-12\"><p>Saiba como é feito todo o processo de coleta, encapsulamento e moagem para que chegue até você o café super especial de altíssima qualidade.</p><a href=\"https://www.ciacoffee.com.br/pages/sobre-nos\" class=\"celltronics-deskonly\">SAIBA MAIS</a></div><div class=\"sobre_cell_video col-md-5 col-12\"><iframe src=\"https://www.youtube.com/embed/fQsiIsgofq8?si=E6qeE4tY2uVZimsX&amp;controls=0\" title=\"YouTube video player\" frameborder=\"0\" allow=\"accelerometer; autoplay; clipboard-write; encrypted-media; gyroscope; picture-in-picture; web-share\" referrerpolicy=\"strict-origin-when-cross-origin\" allowfullscreen></iframe><a href=\"https://www.ciacoffee.com.br/pages/sobre-nos\" class=\"celltronics-mobileonly\">SAIBA MAIS</a></div></div>"
    },
    {
      "type": "banner-slider",
      "autoplay": 0,
      "full_width": true,
      "slides": [
        {
          "start": "2022-10-20T03:00:00.000Z",
          "end": "",
          "img": "/img/uploads/ciablendcoffee-banner-inferior-capsulas.jpg",
          "link": "https://ciacoffee.com.br/capsulas",
          "mobile_img": "/img/uploads/mobile_ciablendcoffee-banner-inferior-capsulas.jpg"
        }
      ]
    },
    {
      "type": "info-bar",
      "enabled": true
    }
  ]
}