{
  "shipping": {
    "show": true,
    "text": "Frete grátis para pedidos acima de R$150 (Sudeste) e R$200 (Demais Regiões)",
    "title": "Envio Rápido e Seguro para todo Brasil",
    "link": "https://ciacoffee.com.br/pages/faq"
  },
  "installments": {
    "show": true,
    "text": "Parcele em até 3x sem juros nas compras a partir de R$100 ",
    "title": "5% de desconto no PIX ou ",
    "link": "https://ciacoffee.com.br/pages/faq"
  },
  "exchange": {
    "show": false,
    "text": "Não gostou? A primeira troca é gratuita"
  },
  "promo": {
    "show": true,
    "text": "Frete grátis para pedidos acima de R$150",
    "title": "Assinatura com 25% de desconto nos produtos",
    "link": "https://www.ciacoffee.com.br/pages/cia-coffee-club-seu-clube-de-assinaturas-de-cafe"
  }
}